Languages,Genres
English,Action
Korean,Action
Malay,Action
Indonesian,Action
Chinese,Action
Thai,Action
Vietnamese,Action
German,Action
French,Action
Italian,Action
Spanish,Action
Portuguese,Action
Swedish,Action
Danish,Action
Norwegian,Action
Finnish,Action
Polish,Action
Turkish,Action
Russian,Action
English,Adventure
Korean,Adventure
Malay,Adventure
Indonesian,Adventure
Chinese,Adventure
Thai,Adventure
Vietnamese,Adventure
German,Adventure
French,Adventure
Italian,Adventure
Spanish,Adventure
Portuguese,Adventure
Swedish,Adventure
Danish,Adventure
Norwegian,Adventure
Finnish,Adventure
Polish,Adventure
Turkish,Adventure
Russian,Adventure
English,Fantasy
Korean,Fantasy
Malay,Fantasy
Indonesian,Fantasy
Chinese,Fantasy
Thai,Fantasy
Vietnamese,Fantasy
German,Fantasy
French,Fantasy
Italian,Fantasy
Spanish,Fantasy
Portuguese,Fantasy
Swedish,Fantasy
Danish,Fantasy
Norwegian,Fantasy
Finnish,Fantasy
Polish,Fantasy
Turkish,Fantasy
Russian,Fantasy
English,Award Winning
Portuguese,Award Winning
Polish,Award Winning
English,Drama
Portuguese,Drama
Polish,Drama
English,Mystery
Portuguese,Mystery
Polish,Mystery
English,Action
French,Action
Spanish,Action
Portuguese,Action
Polish,Action
English,Adventure
French,Adventure
Spanish,Adventure
Portuguese,Adventure
Polish,Adventure
English,Award Winning
French,Award Winning
Spanish,Award Winning
Portuguese,Award Winning
Polish,Award Winning
English,Drama
French,Drama
Spanish,Drama
Portuguese,Drama
Polish,Drama
English,Award Winning
Spanish,Award Winning
English,Sports
Spanish,Sports
English,Comedy
French,Comedy
English,Action
Italian,Action
Portuguese,Action
Polish,Action
English,Adventure
Italian,Adventure
Portuguese,Adventure
Polish,Adventure
English,Award Winning
Italian,Award Winning
Portuguese,Award Winning
Polish,Award Winning
English,Drama
Italian,Drama
Portuguese,Drama
Polish,Drama
English,Fantasy
Italian,Fantasy
Portuguese,Fantasy
Polish,Fantasy
English,Action
English,Award Winning
English,Action
English,Adventure
English,Fantasy
English,Action
Spanish,Action
Portuguese,Action
Polish,Action
English,Drama
Spanish,Drama
Portuguese,Drama
Polish,Drama
English,Fantasy
Spanish,Fantasy
Portuguese,Fantasy
Polish,Fantasy
English,Drama
French,Drama
Italian,Drama
English,Slice of Life
French,Slice of Life
Italian,Slice of Life
English,Sports
French,Sports
Italian,Sports
English,Action
Korean,Action
English,Adventure
Korean,Adventure
English,Fantasy
Korean,Fantasy
English,Mystery
Korean,Mystery
English,Comedy
English,Drama
English,Mystery
English,Supernatural
English,Award Winning
French,Award Winning
Spanish,Award Winning
Portuguese,Award Winning
Polish,Award Winning
English,Comedy
French,Comedy
Spanish,Comedy
Portuguese,Comedy
Polish,Comedy
English,Romance
French,Romance
Spanish,Romance
Portuguese,Romance
Polish,Romance
English,Adventure
Polish,Adventure
English,Award Winning
Polish,Award Winning
English,Drama
Polish,Drama
English,Fantasy
Polish,Fantasy
English,Award Winning
Polish,Award Winning
English,Sports
Polish,Sports
English,Award Winning
Indonesian,Award Winning
French,Award Winning
Italian,Award Winning
Spanish,Award Winning
Portuguese,Award Winning
Russian,Award Winning
English,Drama
Indonesian,Drama
French,Drama
Italian,Drama
Spanish,Drama
Portuguese,Drama
Russian,Drama
English,Drama
English,Mystery
English,Award Winning
Italian,Award Winning
Spanish,Award Winning
Polish,Award Winning
English,Drama
Italian,Drama
Spanish,Drama
Polish,Drama
English,Slice of Life
Italian,Slice of Life
Spanish,Slice of Life
Polish,Slice of Life
English,Drama
English,Romance
English,Adventure
Spanish,Adventure
English,Fantasy
Spanish,Fantasy
English,Romance
Spanish,Romance
English,Action
Italian,Action
English,Drama
Italian,Drama
English,Sci-Fi
Italian,Sci-Fi
English,Drama
Italian,Drama
Portuguese,Drama
Polish,Drama
Russian,Drama
English,Fantasy
Italian,Fantasy
Portuguese,Fantasy
Polish,Fantasy
Russian,Fantasy
English,Suspense
Italian,Suspense
Portuguese,Suspense
Polish,Suspense
Russian,Suspense
English,Fantasy
Italian,Fantasy
English,Action
English,Adventure
English,Drama
English,Fantasy
English,Award Winning
French,Award Winning
Portuguese,Award Winning
Polish,Award Winning
English,Drama
French,Drama
Portuguese,Drama
Polish,Drama
English,Romance
French,Romance
Portuguese,Romance
Polish,Romance
English,Action
Spanish,Action
Portuguese,Action
English,Adventure
Spanish,Adventure
Portuguese,Adventure
English,Award Winning
Spanish,Award Winning
Portuguese,Award Winning
English,Fantasy
Spanish,Fantasy
Portuguese,Fantasy
English,Adventure
Russian,Adventure
English,Drama
Russian,Drama
English,Fantasy
Russian,Fantasy
English,Romance
Russian,Romance
English,Supernatural
Russian,Supernatural
English,Adventure
French,Adventure
Italian,Adventure
Spanish,Adventure
English,Award Winning
French,Award Winning
Italian,Award Winning
Spanish,Award Winning
English,Comedy
French,Comedy
Italian,Comedy
Spanish,Comedy
English,Fantasy
French,Fantasy
Italian,Fantasy
Spanish,Fantasy
English,Gourmet
French,Gourmet
Italian,Gourmet
Spanish,Gourmet
English,Fantasy
English,Action
Italian,Action
Spanish,Action
Portuguese,Action
Polish,Action
English,Adventure
Italian,Adventure
Spanish,Adventure
Portuguese,Adventure
Polish,Adventure
English,Fantasy
Italian,Fantasy
Spanish,Fantasy
Portuguese,Fantasy
Polish,Fantasy
English,Comedy
English,Romance
English,Award Winning
English,Drama
English,Sci-Fi
English,Award Winning
English,Sports
English,Adventure
Portuguese,Adventure
English,Award Winning
Portuguese,Award Winning
English,Slice of Life
Portuguese,Slice of Life
English,Adventure
German,Adventure
French,Adventure
Italian,Adventure
Portuguese,Adventure
Polish,Adventure
Turkish,Adventure
English,Drama
German,Drama
French,Drama
Italian,Drama
Portuguese,Drama
Polish,Drama
Turkish,Drama
English,Fantasy
German,Fantasy
French,Fantasy
Italian,Fantasy
Portuguese,Fantasy
Polish,Fantasy
Turkish,Fantasy
English,Sci-Fi
German,Sci-Fi
French,Sci-Fi
Italian,Sci-Fi
Portuguese,Sci-Fi
Polish,Sci-Fi
Turkish,Sci-Fi
English,Award Winning
English,Drama
English,Sports
English,Award Winning
Spanish,Award Winning
Polish,Award Winning
English,Fantasy
Spanish,Fantasy
Polish,Fantasy
English,Mystery
Spanish,Mystery
Polish,Mystery
English,Supernatural
Spanish,Supernatural
Polish,Supernatural
English,Action
German,Action
Italian,Action
English,Award Winning
German,Award Winning
Italian,Award Winning
English,Fantasy
German,Fantasy
Italian,Fantasy
English,Award Winning
English,Drama
English,Romance
English,Action
English,Comedy
English,Fantasy
English,Horror
English,Supernatural
German,Supernatural
French,Supernatural
Italian,Supernatural
Spanish,Supernatural
Portuguese,Supernatural
English,Suspense
German,Suspense
French,Suspense
Italian,Suspense
Spanish,Suspense
Portuguese,Suspense
English,Drama
Polish,Drama
English,Mystery
Polish,Mystery
English,Drama
English,Supernatural
English,Drama
Portuguese,Drama
English,Romance
Portuguese,Romance
English,Drama
Italian,Drama
Spanish,Drama
Polish,Drama
English,Action
Portuguese,Action
English,Award Winning
Portuguese,Award Winning
English,Sci-Fi
Portuguese,Sci-Fi
English,Action
Spanish,Action
English,Adventure
Spanish,Adventure
English,Award Winning
Spanish,Award Winning
English,Action
German,Action
French,Action
Italian,Action
Spanish,Action
English,Comedy
German,Comedy
French,Comedy
Italian,Comedy
Spanish,Comedy
English,Sci-Fi
German,Sci-Fi
French,Sci-Fi
Italian,Sci-Fi
Spanish,Sci-Fi
English,Comedy
Polish,Comedy
English,Drama
Polish,Drama
English,Romance
Polish,Romance
English,Slice of Life
Polish,Slice of Life
English,Action
English,Adventure
English,Fantasy
English,Mystery
English,Action
English,Adventure
English,Drama
English,Sci-Fi
English,Action
English,Award Winning
English,Mystery
English,Sci-Fi
English,Suspense
English,Action
German,Action
French,Action
Portuguese,Action
English,Award Winning
German,Award Winning
French,Award Winning
Portuguese,Award Winning
English,Comedy
German,Comedy
French,Comedy
Portuguese,Comedy
English,Supernatural
German,Supernatural
French,Supernatural
Portuguese,Supernatural
English,Action
French,Action
Spanish,Action
Portuguese,Action
Polish,Action
English,Fantasy
French,Fantasy
Spanish,Fantasy
Portuguese,Fantasy
Polish,Fantasy
English,Award Winning
Spanish,Award Winning
English,Drama
Spanish,Drama
English,Award Winning
Spanish,Award Winning
Portuguese,Award Winning
Polish,Award Winning
English,Drama
Spanish,Drama
Portuguese,Drama
Polish,Drama
English,Romance
Spanish,Romance
Portuguese,Romance
Polish,Romance
English,Adventure
English,Comedy
English,Fantasy
English,Action
Portuguese,Action
English,Adventure
Portuguese,Adventure
English,Drama
Portuguese,Drama
English,Suspense
Portuguese,Suspense
English,Award Winning
French,Award Winning
Italian,Award Winning
Spanish,Award Winning
English,Drama
French,Drama
Italian,Drama
Spanish,Drama
English,Romance
French,Romance
Italian,Romance
Spanish,Romance
English,Action
Italian,Action
Spanish,Action
Portuguese,Action
English,Drama
Italian,Drama
Spanish,Drama
Portuguese,Drama
English,Mystery
Italian,Mystery
Spanish,Mystery
Portuguese,Mystery
English,Sci-Fi
Italian,Sci-Fi
Spanish,Sci-Fi
Portuguese,Sci-Fi
English,Suspense
Italian,Suspense
Spanish,Suspense
Portuguese,Suspense
English,Action
Italian,Action
English,Supernatural
Italian,Supernatural
English,Adventure
Korean,Adventure
Chinese,Adventure
Thai,Adventure
German,Adventure
English,Drama
Korean,Drama
Chinese,Drama
Thai,Drama
German,Drama
English,Fantasy
Korean,Fantasy
Chinese,Fantasy
Thai,Fantasy
German,Fantasy
English,Award Winning
English,Comedy
English,Suspense
English,Comedy
English,Drama
English,Romance
English,Action
German,Action
French,Action
Italian,Action
Spanish,Action
Portuguese,Action
Polish,Action
Russian,Action
English,Award Winning
German,Award Winning
French,Award Winning
Italian,Award Winning
Spanish,Award Winning
Portuguese,Award Winning
Polish,Award Winning
Russian,Award Winning
English,Drama
German,Drama
French,Drama
Italian,Drama
Spanish,Drama
Portuguese,Drama
Polish,Drama
Russian,Drama
English,Suspense
German,Suspense
French,Suspense
Italian,Suspense
Spanish,Suspense
Portuguese,Suspense
Polish,Suspense
Russian,Suspense
English,Comedy
French,Comedy
Polish,Comedy
English,Fantasy
French,Fantasy
Polish,Fantasy
English,Romance
French,Romance
Polish,Romance
English,Supernatural
French,Supernatural
Polish,Supernatural
English,Action
Portuguese,Action
English,Drama
Portuguese,Drama
English,Award Winning
English,Drama
Portuguese,Drama
Polish,Drama
English,Romance
Portuguese,Romance
Polish,Romance
English,Action
Italian,Action
Spanish,Action
English,Award Winning
Italian,Award Winning
Spanish,Award Winning
English,Drama
Italian,Drama
Spanish,Drama
English,Sci-Fi
Italian,Sci-Fi
Spanish,Sci-Fi
English,Comedy
Polish,Comedy
English,Drama
Polish,Drama
English,Romance
Polish,Romance
Portuguese,Action
Polish,Action
Portuguese,Fantasy
Polish,Fantasy
English,Action
English,Fantasy
English,Mystery
Spanish,Award Winning
Polish,Award Winning
Spanish,Drama
Polish,Drama
Spanish,Romance
Polish,Romance
English,Drama
Spanish,Drama
Portuguese,Drama
Polish,Drama
English,Action
Spanish,Action
Portuguese,Action
English,Comedy
Spanish,Comedy
Portuguese,Comedy
English,Drama
Spanish,Drama
Portuguese,Drama
English,Mystery
Spanish,Mystery
Portuguese,Mystery
English,Romance
Spanish,Romance
Portuguese,Romance
English,Supernatural
Spanish,Supernatural
Portuguese,Supernatural
English,Romance
Portuguese,Romance
Polish,Romance
English,Action
German,Action
Italian,Action
Spanish,Action
Portuguese,Action
Polish,Action
English,Comedy
German,Comedy
Italian,Comedy
Spanish,Comedy
Portuguese,Comedy
Polish,Comedy
English,Comedy
English,Supernatural
English,Action
English,Adventure
English,Drama
English,Fantasy
English,Fantasy
English,Award Winning
English,Comedy
English,Drama
English,Romance
English,Sports
English,Sports
English,Fantasy
French,Fantasy
Italian,Fantasy
Spanish,Fantasy
Polish,Fantasy
English,Action
English,Comedy
English,Fantasy
English,Mystery
English,Suspense
English,Adventure
Polish,Adventure
Russian,Adventure
English,Drama
Polish,Drama
Russian,Drama
English,Fantasy
Polish,Fantasy
Russian,Fantasy
English,Romance
Polish,Romance
Russian,Romance
English,Supernatural
Polish,Supernatural
Russian,Supernatural
French,Award Winning
French,Drama
English,Action
German,Action
French,Action
Spanish,Action
Danish,Action
English,Adventure
German,Adventure
French,Adventure
Spanish,Adventure
Danish,Adventure
English,Fantasy
German,Fantasy
French,Fantasy
Spanish,Fantasy
Danish,Fantasy
English,Action
Italian,Action
English,Comedy
Italian,Comedy
English,Supernatural
Italian,Supernatural
French,Drama
Italian,Drama
English,Award Winning
French,Award Winning
Italian,Award Winning
Portuguese,Award Winning
Polish,Award Winning
English,Sports
French,Sports
Italian,Sports
Portuguese,Sports
Polish,Sports
English,Drama
English,Mystery
English,Romance
English,Supernatural
English,Fantasy
English,Drama
Portuguese,Drama
Polish,Drama
English,Comedy
English,Slice of Life
English,Comedy
Portuguese,Comedy
Polish,Comedy
Russian,Comedy
English,Fantasy
Portuguese,Fantasy
Polish,Fantasy
Russian,Fantasy
English,Romance
Spanish,Romance
Polish,Romance
English,Action
English,Fantasy
English,Comedy
English,Romance
English,Romance
Polish,Romance
English,Slice of Life
Polish,Slice of Life
English,Award Winning
Korean,Award Winning
English,Comedy
Korean,Comedy
English,Romance
Korean,Romance
English,Slice of Life
Korean,Slice of Life
English,Drama
Portuguese,Drama
English,Comedy
German,Comedy
English,Horror
Chinese,Horror
German,Horror
Italian,Horror
Spanish,Horror
Portuguese,Horror
English,Mystery
Chinese,Mystery
German,Mystery
Italian,Mystery
Spanish,Mystery
Portuguese,Mystery
English,Supernatural
Chinese,Supernatural
German,Supernatural
Italian,Supernatural
Spanish,Supernatural
Portuguese,Supernatural
English,Comedy
Spanish,Comedy
Polish,Comedy
English,Romance
Spanish,Romance
Polish,Romance
English,Comedy
Portuguese,Comedy
English,Drama
Portuguese,Drama
English,Mystery
Portuguese,Mystery
English,Supernatural
Portuguese,Supernatural
English,Comedy
Portuguese,Comedy
Polish,Comedy
Russian,Comedy
English,Drama
Portuguese,Drama
Polish,Drama
Russian,Drama
English,Romance
Portuguese,Romance
Polish,Romance
Russian,Romance
English,Award Winning
English,Fantasy
English,Mystery
Spanish,Mystery
Portuguese,Mystery
Polish,Mystery
English,Supernatural
Spanish,Supernatural
Portuguese,Supernatural
Polish,Supernatural
English,Drama
French,Drama
Italian,Drama
English,Romance
French,Romance
Italian,Romance
English,Adventure
German,Adventure
French,Adventure
Italian,Adventure
Portuguese,Adventure
English,Award Winning
German,Award Winning
French,Award Winning
Italian,Award Winning
Portuguese,Award Winning
English,Comedy
German,Comedy
French,Comedy
Italian,Comedy
Portuguese,Comedy
English,Fantasy
German,Fantasy
French,Fantasy
Italian,Fantasy
Portuguese,Fantasy
English,Romance
German,Romance
French,Romance
Italian,Romance
Portuguese,Romance
English,Action
Spanish,Action
Portuguese,Action
Polish,Action
Russian,Action
English,Fantasy
Spanish,Fantasy
Portuguese,Fantasy
Polish,Fantasy
Russian,Fantasy
English,Comedy
English,Drama
English,Romance
English,Sports
English,Comedy
German,Comedy
French,Comedy
Spanish,Comedy
Polish,Comedy
Russian,Comedy
English,Romance
German,Romance
French,Romance
Spanish,Romance
Polish,Romance
Russian,Romance
English,Comedy
Italian,Comedy
English,Drama
Italian,Drama
English,Romance
Italian,Romance
English,Award Winning
Polish,Award Winning
English,Comedy
Polish,Comedy
English,Drama
Polish,Drama
English,Action
English,Fantasy
English,Drama
German,Drama
Italian,Drama
Spanish,Drama
Portuguese,Drama
Polish,Drama
Russian,Drama
English,Fantasy
German,Fantasy
Italian,Fantasy
Spanish,Fantasy
Portuguese,Fantasy
Polish,Fantasy
Russian,Fantasy
English,Romance
German,Romance
Italian,Romance
Spanish,Romance
Portuguese,Romance
Polish,Romance
Russian,Romance
English,Romance
English,Sports
English,Fantasy
English,Action
Polish,Action
English,Drama
Polish,Drama
English,Romance
Polish,Romance
English,Supernatural
Polish,Supernatural
English,Drama
Polish,Drama
English,Fantasy
Polish,Fantasy
English,Romance
Polish,Romance
English,Slice of Life
Polish,Slice of Life
English,Award Winning
English,Comedy
English,Drama
English,Romance
English,Comedy
English,Award Winning
English,Romance
English,Slice of Life
English,Action
English,Adventure
English,Comedy
English,Romance
English,Award Winning
English,Drama
English,Slice of Life
German,Slice of Life
Spanish,Slice of Life
Polish,Slice of Life
English,Action
Italian,Action
Polish,Action
English,Drama
Italian,Drama
Polish,Drama
English,Drama
English,Romance
English,Adventure
English,Award Winning
English,Comedy
English,Mystery
English,Action
Italian,Action
Spanish,Action
English,Adventure
Italian,Adventure
Spanish,Adventure
English,Fantasy
Italian,Fantasy
Spanish,Fantasy
Portuguese,Action
Portuguese,Adventure
English,Comedy
English,Slice of Life
English,Supernatural
English,Adventure
French,Adventure
Portuguese,Adventure
Polish,Adventure
Russian,Adventure
English,Award Winning
French,Award Winning
Portuguese,Award Winning
Polish,Award Winning
Russian,Award Winning
English,Drama
French,Drama
Portuguese,Drama
Polish,Drama
Russian,Drama
English,Supernatural
French,Supernatural
Portuguese,Supernatural
Polish,Supernatural
Russian,Supernatural
English,Award Winning
English,Comedy
English,Comedy
English,Romance
English,Drama
English,Mystery
English,Sci-Fi
English,Award Winning
English,Sports
English,Action
Italian,Action
Spanish,Action
Portuguese,Action
Polish,Action
English,Comedy
Italian,Comedy
Spanish,Comedy
Portuguese,Comedy
Polish,Comedy
English,Action
Italian,Action
English,Adventure
Italian,Adventure
English,Action
Italian,Action
English,Comedy
Italian,Comedy
English,Fantasy
Italian,Fantasy
English,Award Winning
English,Comedy
English,Drama
English,Romance
English,Slice of Life
English,Award Winning
Italian,Award Winning
English,Drama
Italian,Drama
English,Award Winning
Portuguese,Award Winning
English,Drama
Portuguese,Drama
English,Sci-Fi
Portuguese,Sci-Fi
English,Slice of Life
Portuguese,Slice of Life
English,Mystery
German,Mystery
French,Mystery
English,Supernatural
German,Supernatural
French,Supernatural
English,Suspense
German,Suspense
French,Suspense
English,Comedy
English,Slice of Life
English,Action
Italian,Action
Polish,Action
English,Fantasy
Italian,Fantasy
Polish,Fantasy
English,Drama
Portuguese,Drama
Polish,Drama
English,Romance
Portuguese,Romance
Polish,Romance
English,Action
Italian,Action
English,Adventure
Italian,Adventure
English,Award Winning
Italian,Award Winning
English,Fantasy
Italian,Fantasy
English,Drama
English,Fantasy
English,Slice of Life
English,Adventure
Portuguese,Adventure
English,Award Winning
Portuguese,Award Winning
English,Suspense
Portuguese,Suspense
English,Action
Portuguese,Action
Polish,Action
English,Supernatural
Portuguese,Supernatural
Polish,Supernatural
English,Award Winning
Italian,Award Winning
English,Romance
Italian,Romance
English,Supernatural
Italian,Supernatural
English,Action
Italian,Action
English,Adventure
Italian,Adventure
English,Action
Spanish,Action
Portuguese,Action
English,Award Winning
Spanish,Award Winning
Portuguese,Award Winning
English,Comedy
Spanish,Comedy
Portuguese,Comedy
English,Drama
Spanish,Drama
Portuguese,Drama
English,Supernatural
Spanish,Supernatural
Portuguese,Supernatural
English,Action
Spanish,Action
Russian,Action
Spanish,Drama
Portuguese,Drama
English,Action
English,Mystery
English,Supernatural
English,Adventure
Polish,Adventure
English,Mystery
Polish,Mystery
English,Sci-Fi
Polish,Sci-Fi
English,Comedy
Spanish,Comedy
English,Drama
Spanish,Drama
English,Romance
Spanish,Romance
English,Award Winning
Spanish,Award Winning
Portuguese,Award Winning
Polish,Award Winning
English,Mystery
Spanish,Mystery
Portuguese,Mystery
Polish,Mystery
English,Suspense
Spanish,Suspense
Portuguese,Suspense
Polish,Suspense
English,Comedy
Portuguese,Comedy
English,Drama
Portuguese,Drama
English,Romance
Portuguese,Romance
English,Adventure
English,Comedy
English,Award Winning
Spanish,Award Winning
English,Comedy
Spanish,Comedy
English,Romance
Spanish,Romance
English,Action
German,Action
Italian,Action
English,Fantasy
German,Fantasy
Italian,Fantasy
English,Action
English,Fantasy
English,Award Winning
Portuguese,Award Winning
English,Comedy
Portuguese,Comedy
English,Drama
Portuguese,Drama
English,Supernatural
Portuguese,Supernatural
English,Award Winning
English,Drama
English,Award Winning
English,Action
Portuguese,Action
English,Comedy
Portuguese,Comedy
English,Drama
French,Drama
Polish,Drama
English,Comedy
French,Comedy
Spanish,Comedy
Polish,Comedy
English,Sports
French,Sports
Spanish,Sports
Polish,Sports
English,Fantasy
English,Action
Italian,Action
English,Adventure
Italian,Adventure
English,Supernatural
Italian,Supernatural
English,Action
English,Drama
English,Sci-Fi
Italian,Action
Italian,Comedy
Italian,Drama
English,Award Winning
English,Comedy
English,Drama
Portuguese,Drama
English,Fantasy
Portuguese,Fantasy
English,Horror
Portuguese,Horror
English,Action
German,Action
French,Action
Portuguese,Action
English,Adventure
German,Adventure
French,Adventure
Portuguese,Adventure
English,Fantasy
German,Fantasy
French,Fantasy
Portuguese,Fantasy
English,Drama
Portuguese,Drama
Russian,Drama
English,Mystery
Portuguese,Mystery
Russian,Mystery
English,Sci-Fi
Portuguese,Sci-Fi
Russian,Sci-Fi
English,Drama
English,Romance
English,Adventure
French,Adventure
English,Comedy
French,Comedy
English,Fantasy
French,Fantasy
English,Drama
English,Mystery
English,Romance
English,Comedy
French,Comedy
Spanish,Comedy
Portuguese,Comedy
English,Drama
French,Drama
Spanish,Drama
Portuguese,Drama
English,Fantasy
French,Fantasy
Spanish,Fantasy
Portuguese,Fantasy
English,Romance
French,Romance
Spanish,Romance
Portuguese,Romance
English,Supernatural
French,Supernatural
Spanish,Supernatural
Portuguese,Supernatural
English,Action
Portuguese,Action
English,Drama
Spanish,Drama
Polish,Drama
English,Romance
Spanish,Romance
Polish,Romance
English,Comedy
English,Action
English,Adventure
English,Drama
English,Sci-Fi
English,Romance
German,Romance
French,Romance
Italian,Romance
Portuguese,Romance
Polish,Romance
English,Action
French,Action
Portuguese,Action
Polish,Action
English,Adventure
French,Adventure
Portuguese,Adventure
Polish,Adventure
English,Fantasy
French,Fantasy
Portuguese,Fantasy
Polish,Fantasy
English,Action
Portuguese,Action
English,Adventure
Portuguese,Adventure
English,Comedy
Portuguese,Comedy
English,Sci-Fi
Portuguese,Sci-Fi
English,Comedy
English,Romance
English,Adventure
English,Award Winning
English,Mystery
English,Sci-Fi
English,Suspense
English,Award Winning
English,Sports
English,Action
Italian,Action
Spanish,Action
English,Fantasy
Italian,Fantasy
Spanish,Fantasy
English,Fantasy
English,Romance
