Page,Collaboration,Raw_Text,IP_Found,Matched_IP
1,N/A,"Fortnite x Percy Jackson and the Olympians' | December 16, 2025 | Film & Television | Battle Royale | Release Date: | 10/12/2025 | 12/10/2025 | The Percy Jackson: Siege of Monsters Fortnite island is an epic adventure inspired by the Percy Jackson series, featuring a map that spans an island inspired by Camp Half-Blood, the earthly sanctuary and training facility for the children of mortals and Greek gods. As newly arrived demigods, you must discover the identity of their godly parent, gain new divine powers, and ally with their fellow demigods for a climactic battle against Scylla and Charybdis on the Sea of Monsters. You’ll meet familiar characters from the show, including Percy Jackson, Annabeth Chase, and Grover Underwood. As well as completing side-quests and activities inspired by moments from the show’s first two seasons.. | Content Integration | Mobile | PC | Console | Read more",True,monster
1,N/A,"Monopoly Go! x Harry Potter | December 2, 2025 | Film & Television | Strategy | Release Date: | 10/12/2025 | 12/10/2025 | The wizarding world of Harry Potter is finally coming to MONOPOLY GO! in a long-awaited collaboration that brings a touch of magic to every roll. Starting December 10, prepare to immerse yourself in a Season filled with enchanting boards, magical Minigames and events, and exclusive collectibles inspired by one of the most beloved worlds in storytelling. This dream collab has been brewing in the cauldron for a while, and now, it’s time to let the magic unfold! Celebrate the magic! It all begins with Mr. M on his United Kingdom sightseeing trip, where a stop at the beloved tourist hotspot of Platform nine and three-quarters, at Kings Cross London, sees his imagination sparking to life and transporting him straight to the wizarding world! | Content Integration | Mobile | Read more",True,touch
1,N/A,"Monster High | November 15, 2025 | Toys & Board Games | Party | Release Date: | 24/10/2025 | 10/24/2025 | Monster High, Mattel’s premier self-published Roblox experience, debuts October 24. Fans can step inside the haunted halls of Monster High like never before—customizing their pet “Creepanions,” crafting powerful elixirs in Frankie Stein’s Alchemy Lab, and joining Clawdeen Wolf’s pack to fuel the legendary Ghoulstone for fang-tastic rewards. Featuring iconic characters, endless style options, and secrets lurking beneath the school, the experience invites players to team up, show their claws, and discover that monster magic never goes out of style. | Licensed Game | Mobile | PC | Console | Read more",True,monster
1,N/A,"PAW Patrol Rescue Wheels: Championship | October 31, 2025 | Film & Television | Racing | Release Date: | 31/10/2025 | 10/31/2025 | ""PAW Patrol Rescue Wheels: Championship"" expands the world of ""PAW Patrol"" with a roster of characters, including Roxi, Boomer and Mayor Humdinger, who appear as playable for the first time. Featuring visuals and characters that feel true to the TV show, fans can fully immerse themselves in the ""PAW Patrol"" universe while racing monster trucks across 12 tracks and three arena locations, including Adventure Bay, Scallywag’s Island, the Mountain and Foggy Bottom. | Licensed Game | PC | Console | Read more",True,monster
1,N/A,"Monster High Paranormal Peril | October 15, 2025 | Toys & Board Games | Horror | Release Date: | 15/10/2025 | 10/15/2025 | Mattel launches a new Fornite Monster High experience where you can play as Draculaura, Frankie, Cleo, Clawdeen, & Lagoona! | Content Integration | Mobile | PC | Console | Read more",True,monster
2,N/A,"Monster Hunter Wilds x Street Fighter 6 | May 22, 2025 | Video Games | RPG | Release Date: | 28/5/2025 | 5/28/2025 | Capcom has announced a Street Fighter 6 special collaboration for Monster Hunter Wilds. It will launch on May 28 in the form of a new side mission with exclusive rewards, and additional paid downloadable content. | Content Integration | PC | Console | Read more",True,monster
2,N/A,"Aether Gazer x God Eater | May 21, 2025 | Video Games | RPG | Release Date: | 5/6/2025 | 6/5/2025 | Players can look forward to the addition of Alisa and Ciel—two iconic characters from God Eater—as brand-new Modifiers in Aether Gazer. These characters will bring their distinct styles and skills into the game’s existing combat system, promising dynamic gameplay shifts. On top of that, fans got a sneak peek of a live combat demo featuring a fierce battle against Aragami monsters, including what appears to be Dyaus Pita, a fearsome enemy well-known to God Eater veterans. | Content Integration | Mobile | Read more",True,monster
3,N/A,"The Legend of Neverland x Overlord | May 9, 2025 | Anime & Comics | RPG | Release Date: | 1/5/2025 | 5/1/2025 | The Legend of Neverland is crossing over, with Overlord, bringing with it new characters, outfits, mounts, and plenty of fan-favorite flair. This limited-time event introduces three iconic faces from the series, along with exclusive in-game content that fans wonât want to miss. At the heart of the event are three of Overlordâs most recognizable characters, now making their debut in Neverland: Ainz Ooal Gown: The fearsome Ruler of Death brings his spell-casting might to the battlefield, Albedo: The graceful but deadly overseer joins the event as a companion and costume option, and Shalltear Bloodfallen: This vampire maid adds elegance and danger, also appearing as a collectible companion. This event brings fresh customization options with limited-time crossover cosmetics, including a new rideable rodent that joins the gamesâ growing repertoire of mounts. | Content Integration | Mobile | PC | ReadÂ more",True,overlord
3,N/A,"Monster Train 2 x Balatro | May 8, 2025 | Video Games | Strategy | Release Date: | 21/5/2025 | 5/21/2025 | Multiply your run wins with the help of the Jokers of Balatro! Swing by a Celestial Alcove for a chance encounter with Jimbo, who is more than happy to lend you their powers! Jokers are artifacts, giving unique effects that can change the entire flow of your run. Buff your Pyre Heart with Triboulet, who gives a permanent health boost for each rare card in your deck, or Chicot who ensures youâre paid for each card you purge. There are many jokers hopping on the Monster Train from the world of Balatro, how you use their powers is up to you! | Content Integration | PC | ReadÂ more",True,monster
3,N/A,"PUBG Mobile x Attack on Titan | May 7, 2025 | Anime & Comics | Battle Royale | Release Date: | 7/5/2025 | 5/7/2025 | This Attack on Titan collaboration brings Titans directly into PUBG MOBILEâs battlegrounds. Players can explore Utgard Castle, designed to mirror the iconic Titan attack scenes from the anime, and engage with gameplay elements such as Titan Serums, allowing for transformation into Pure Titans. The rare Attack Titan Serum, available once per match, grants players the ability to transform into the powerful Attack Titan, adding a significant tactical advantage. | Content Integration | Mobile | ReadÂ more",True,attack on titan
3,N/A,"Honkai: Star Rail x Fate/stay Night: Unlimited Blade Works | May 4, 2025 | Anime & Comics | RPG | Release Date: | 11/7/2025 | 7/11/2025 | Honkai: Star Rail has revealed the details of its long-awaited collaboration event with Fate/stay Night: Unlimited Blade Works anime series, with the collaboration featuring two crossover 5-star characters in Saber and Archer. Players can claim Archer for free while Saber will be available to pull in a Special Collaboration Warp during the event. | Content Integration | Mobile | PC | Console | ReadÂ more",True,fate/stay night: unlimited blade works
4,N/A,"Monster Train 2 x Cult of the Lamb | April 27, 2025 | Video Games | Strategy | Release Date: | Monster Train 2 is releasing a Cult of the Lamb collaboration featuring the game's quirky characters. The Monster Train 2 and Cult of the Lamb collaboration allows players to summon Lamb's Cultists, who give random equipment to allies every time they're placed on the field. | Content Integration | Read more",True,monster
4,N/A,"Phantasy Star Online 2: New Genesis x That Time I Get Reincarnated as a Slime | April 27, 2025 | Anime & Comics | RPG | Release Date: | 21/5/2025 | 5/21/2025 | The That Time I Got Reincarnated as a Slime collaboration is set for May 21 in Phantasy Star Online 2: New Genesis. During the collaboration, players pull from the Ten-Sura Style AC Scratch Ticket featuring avatar items and cosmetics based on characters from the anime. There will likely be specially themed login bonus rewards too. | Content Integration | PC | Console | Read more",True,that time i got reincarnated as a slim
4,N/A,"So I'm a Spider, So What? Ruler of the Labyrinth x That Time I Got Reincarnated as a Slime | April 25, 2025 | Anime & Comics | RPG | Release Date: | 10/5/2025 | 5/10/2025 | So I'm a Spider, So What? Ruler of the Labyrinth is collaborating with That Time I Got Reincarnated as a Slime. In this collaboration, over 10 characters from ""That Time I Got Reincarnated as a Slime"", including Rimuru, Milim, and Diablo, will appear in ""So I'm a Spider, So What? Ruler of the Labyrinth."" Players will be able to explore the labyrinth alongside collaboration characters, and equip the protagonist with items inspired by the world of That Time I Got Reincarnated as a Slime. Various in-game events are planned as part of the collaboration. | Content Integration | PC | Read more",True,that time i got reincarnated as a slim
4,N/A,"Overwatch 2 x Mobile Suit Gundam Wing | April 17, 2025 | Anime & Comics | Shooting | Release Date: | 29/4/2025 | 4/29/2025 | The collaboration should follow the format of previous ones, which means some heroes will receive skins inspired by major characters from the Gundam Wing series. Mercy is the only hero with a confirmed skin, as she had a brief appearance at the end of the Season 16 trailer. The amount of skins we'll receive is unknown, but most of them, if not all, will only be available through the in-game shop as collab skins tend to be a premium offering. The skins will come in special bundles along with other cosmetics like highlight intros, emotes, emblems, and player icons. The collab will probably add a new set of challenges, offering smaller cosmetics also Gundam-themed, like sprays or player icons, as rewards for completing them. | Content Integration | PC | Console | Read more",True,gundam
4,N/A,"Blood Strike x Attack on Titan | April 14, 2025 | Anime & Comics | Battle Royale | Release Date: | 11/4/2025 | 4/11/2025 | Players can expect to nab themed goodies such as exclusive character skins and even a fresh gameplay element thrown into the mix. Specifically, Scout Regiment’s Omni-Directional Mobility Gear will let you duke it out in aerial flight, whereas the collab skins let you play as Eren, Mikasa, Levi and the Armored Titan. Clearing Event Missions will reward you with two free collaboration weapon skins as well, including free Emotes and vouchers for all your hard work. Of course, simply logging in should already net you some goodies, such as the Avatar Frame Freedom Walker and the Stash Voucher | Content Integration | Mobile | PC | Read more",True,attack on titan
4,N/A,"Mobile Legends: Bang Bang x Naruto Shippuden | April 12, 2025 | Anime & Comics | Action | Release Date: | 2/5/2025 | 5/2/2025 | Moonton has finally revealed a celestially lined roster of Naruto-themed skins, a shocking array of new animations, and a whole new event system that mashes two universes into one epic battle. | Content Integration | Mobile | Read more",True,naruto
5,N/A,"Monster Energy Supercross 25 | April 7, 2025 | Consumer Brands | Racing | Release Date: | 10/4/2025 | 4/10/2025 | Get ready for the official 2025 Supercross season with Monster Energy Supercross 25! Experience the thrill of racing on newly designed tracks that replicate real-world events and compete against the latest roster of professional riders: forge your path in a revamped career featuring intense competitions, rivalries, and strategic choices. | Licensed Game | PC | Console | ReadÂ more",True,monster
5,N/A,"PUBG Mobile x Godzilla | April 3, 2025 | Film & Television | Battle Royale | Release Date: | 4/4/2025 | 4/4/2025 | PUBG Mobile has collaborated with the Godzilla to launch a limited-time event featuring themed in-game items. Players will have the chance to collect special edition items inspired by iconic monsters such as Godzilla, Burning Godzilla, Mecha Godzilla and The collaboration introduces a range of cosmetic items including costume sets, vehicle skins, gliders, motorcycles, helmets and backpacks. Miniature versions of Burning Godzilla and King Ghidorah will also be available as in-game âbuddiesâ that can accompany players on the battlefield.. The collaboration introduces a range of cosmetic items including costume sets, vehicle skins, gliders, motorcycles, helmets and backpacks. Miniature versions of Burning Godzilla and King Ghidorah will also be available as in-game âbuddiesâ that can accompany players on the battlefield. | Content Integration | Mobile | ReadÂ more",True,monster
5,N/A,"Puella Magi Madoka Magica Magia Exedra | April 1, 2025 | Anime & Comics | RPG | Release Date: | 26/3/2025 | 3/26/2025 | Characters from the hit anime series ""Puella Magi Madoka Magica"" come together! Featuring an all-new story setting and characters from the original ideas of Gekidan Inu Curry (Doroinu), experience the action alongside Magical Girl memories in this battle RPG | Licensed Game | Mobile | ReadÂ more",True,puella magi madoka magica
6,N/A,"PUBG Mobile x BabyMonster | March 24, 2025 | Bands & Musicians | Battle Royale | Release Date: | 21/3/2025 | 3/21/2025 | PUBG Mobile players can earn in-game rewards inspired by the idol group and participate in other interactive gameplay elements on the Erangel and Rondo maps. Additionally, players will be able to take photos with their favourite BABYMONSTER member in a photo booth at the centre of each area. Fans can also play the K-pop group’s music by equipping themselves with the BABYMONSTER-branded cassette player. | Content Integration | Mobile | Read more",True,monster
6,N/A,"MapleStory x Demon Slayer: Kimetsu no Yaiba | March 20, 2025 | Anime & Comics | RPG | Release Date: | 20/3/2025 | 3/20/2025 | A limited-time crossover is now live for MapleStory, with Demon Slayer: Kimetsu no Yaiba. The crossover features Tanjiro Kamado, Zenitsu Agatsuma, Inosuke Hashibira and more. The event includes the ability to create a character with a limited-time Tanjiro job, acquire skills like Water Breathing and Hinokami Kagura and pick up various crossover items. | Content Integration | PC | Read more",True,demon slayer
6,N/A,"Monster Hunter Puzzles: Felyne Isles x Sanrio Characters | March 7, 2025 | Anime & Comics | Puzzle | Release Date: | 7/3/2025 | 3/7/2025 | During the Monster Hunter Puzzles: Felyne Isles x Cinnamoroll collab event, you can look forward to clearing themed challenges and special quests to score equally adorable rewards, which means the Cinnamoroll House and Cinnamoroll Suit will be up for grabs to prettify your match-3 experience. Apart from the customisation options for your house, the collab also brings lovely cosmetics for your avatar, including a Cinnamoroll Pack you can wear on your back and a Cinnamoroll Pink effect for your avatar. | Content Integration | Mobile | Read more",True,monster
7,N/A,"Fortnite x Cowboy Bebop | February 23, 2025 | Anime & Comics | Battle Royale | Release Date: | 28/2/2025 | 2/28/2025 | Starting February 28, players can suit up as the iconic duo with official outfits available in the Fortnite Shop. Meanwhile, from March 1 to March 18, players can complete Cowboy Bebop Quests to earn XP and work towards Cowboy Bebop Bonus Goals. Completing these goals will unlock exclusive rewards, including the Cowboy Bebop Wrap and Bebop Legends Loading Screen | Content Integration | Mobile | PC | Console | ReadÂ more",True,cowboy bebop
7,N/A,"Funko Fusion x Universal Monsters | February 17, 2025 | Film & Television | Action | Release Date: | 14/2/2025 | 2/14/2025 | Funko Fusion has released the Universal Monsters DLC Pack. The expansion introduces Universalâs horror characters, including Dracula, Bride of Frankenstein, Invisible Man and Wolf Man, to the game. | Content Integration | PC | Console | ReadÂ more",True,monster
7,N/A,"Grand Summoners x That Time I Got Reincarnated as a Slime | February 12, 2025 | Anime & Comics | RPG | Release Date: | 14/2/2025 | 2/14/2025 | Summon Demon Lord Samurai Rimuru, Shuna, Veldora, & Shizu in Grand Summoners! And play their EPIC Event! | Content Integration | Mobile | ReadÂ more",True,that time i got reincarnated as a slim
7,N/A,"The Eminence in Shadow: Master of Garden x Re:Zero | February 11, 2025 | Anime & Comics | RPG | Release Date: | 20/2/2025 | 2/20/2025 | The collab will feature the additions of Emilia, Rem and Subaru, who will be facing the âInvisible Handâ (Petelgeuse). | Content Integration | Mobile | PC | ReadÂ more",True,re:zero
7,N/A,"Fortnite x Jujutsu Kaisen | February 11, 2025 | Anime & Comics | Battle Royale | Release Date: | 7/2/2025 | 2/7/2025 | Fortnite has introduced the second wave of its Jujutsu Kaisen crossover, adding new character skins and themed cosmetics. The latest crossover includes new character skins: Ryomen Sukuna â A powerful cursed spirit, Mahito â A dangerous curse with unique abilities and Toji Fushiguro â A skilled fighter with a complex background. Players can also obtain themed cosmetics, such as back blings and pickaxes. | Content Integration | Mobile | PC | Console | ReadÂ more",True,jujutsu kaisen
7,N/A,"Valkyrie Connect x KonoSuba | February 10, 2025 | Anime & Comics | RPG | Release Date: | 10/2/2025 | 2/10/2025 | Aqua, Megumin, and Darkness make their debut in Valkyrie Connect as collab heroes. Up to 230 free collab summons during the availability of the collab! Collect coins and tickets from the collab events. Exchange coins at the Exchange for the collab hero Darkness and growth materials. Items can be used to unlock an additional voice line. Use tickets at Vanirâs Trader to get exclusive costume gear and other collab items. Additionally, you will be able to obtain a fully voiced Valentine exclusive scenario. | Content Integration | Mobile | ReadÂ more",True,konosuba
8,N/A,"Three Kingdoms: Idle Chronicle x Gosu | January 23, 2025 | Anime & Comics | RPG | Release Date: | 23/1/2025 | 1/23/2025 | Three Kingdoms: Idle Chronicle is collaborating with Gosu. There will be a special pickup event which allows you to acquire collaboration officers with increased chances. During this event, you can also meet the new collaboration officers Yong Gang, Hong So, Gayoung Jin, and Gim Do. | Content Integration | Mobile | Read more",True,kingdom
8,N/A,"Lords Mobile x Terracotta Warriors of Qin Shihuang | January 13, 2025 | Heritage/Charity | Strategy | Release Date: | 1/1/2025 | 1/1/2025 | The legendary Terracotta Warriors of Emperor Qin Shihuang march into the world of Lords Mobile! This collaboration brings exclusive rewards and exciting new gameplay elements. Players can immerse themselves in the grandeur of the Qin Empire and claim treasures like the special Castle Skin, designed to enhance both the aesthetic and functional aspects of their kingdoms. This event also introduces a variety of limited-time quests and challenges inspired by the Terracotta Warriors. | Content Integration | Mobile | PC | Read more",True,kingdom
9,N/A,"Free Fire x Naruto Shippuden | January 9, 2025 | Anime & Comics | Battle Royale | Release Date: | 10/1/2025 | 1/10/2025 | Free Fire and Naruto Shippuden are joining forces to deliver a brand-new adventure, offering fans a chance to explore a fresh range of features inspired by the anime series. Players will experience exclusive Naruto-themed locations, unlock special items, and engage in exciting in-game events that will bring them closer to the world of shinobi. As part of the collaboration, the Hidden Leaf Village from Naruto is being reimagined in the Bermuda map of Free Fire. This revamped area replaces the Rim Nam Village, offering a new battleground complete with iconic landmarks. A unique feature of the collaboration is the Nine Tails Strikes Bermuda event, where the fearsome Nine-Tails will appear randomly during matches. Depending on which part of the battlefield the Nine Tails interacts with, players can expect special events such as destruction, damage, or unique power-ups. Free Fire will also introduce new gameplay mechanics inspired by Naruto’s world, significantly enhancing both the Battle Royale and Clash Squad modes. Free Fire will also introduce a series of exclusive collectible items as part of the collaboration, and iconic Naruto songs, including the anime’s main theme, will play during Free Fire matches. | Content Integration | Mobile | Read more",True,naruto
9,N/A,"Phantasy Star Online 2: New Genesis x Frieren: Beyond Journey’s End | January 8, 2025 | Anime & Comics | RPG | Release Date: | 8/1/2025 | 1/8/2025 | Phantasy Star Online 2: New Genesis (PSO2: NGS), has unveiled an collaboration with anime Frieren: Beyond Journey’s End. Players can dive into this crossover, which features themed avatar items, weapon camos, chat stamps, and other exclusive content inspired by the series. During the event, logging into PSO2: NGS rewards players with a variety of Frieren-themed bonuses. These include acrylic stand-style Build Parts depicting characters like Frieren, Fern, Stark, Himmel, Heiter, and Eisen. Players can also earn Special Scratch Tickets, SG, and GP, adding even more ways to enhance their experience. For those eager to embody the anime’s heroes, AC Scratch Tickets titled Frieren The Slayer Style offer the chance to cosplay as Frieren, Fern, and Stark. This collection includes intricately designed weapon camos replicating their signature gear, accessories like the Mirrored Lotus Bracelet and Frieren’s Briefcase, and voice-enabled chat stamps with memorable quotes from the anime. | Content Integration | PC | Console | Read more",True,frieren
9,N/A,"Guardian Tales x Frieren: Beyond Journey's End | January 7, 2025 | Anime & Comics | RPG | Release Date: | 7/1/2025 | 1/7/2025 | Frieren: Beyond Journey’s End is preparing for a whole new journey as Frieren and her companions fall through a rift in space and time and become trapped in a world unlike their own, only with the help of fierce guardians do they have any hope of getting home! Now-playable heroes Frieren, Fern, and Stark will face fierce enemies as they fight for survival in the pixelated world of Guardian Tales. Each of these heroes will come with their own unique weapons, and Stark will be available as part of this event’s rewards. | Content Integration | Mobile | Console | Read more",True,frieren
9,N/A,"Summoners War x Demon Slayer: Kimetsu no Yaiba | January 7, 2025 | Anime & Comics | RPG | Release Date: | 9/1/2025 | 1/9/2025 | The Summoners War: Sky Arena and Demon Slayer: Kimetsu no Yaiba collaboration will feature Tanjiro Kamado, Nezuko Kamado, Zenitsu Agatsuma, Inosuke Hashibira, and the Stone Hashira Gyomei Himejima. Before the collab begins, players can earn collab event coins from the Collab Special Countdown Event. Coins may be used to claim a Demon Slayer Scroll and other rewards. | Content Integration | Mobile | PC | Read more",True,demon slayer
9,N/A,"AFK Arena x Overlord | January 1, 2025 | Anime & Comics | RPG | Release Date: | 1/1/2025 | 1/1/2025 | This collaboration with Overlord is a refreshed version of their previous collab. The are including Ainz and Albedo, who will have their skills adjusted. Shalltear Bloodfallen will also be arriving as a new hero. | Content Integration | Mobile | Read more",True,overlord
9,N/A,"Compass x Hunter × Hunter | December 23, 2024 | Anime & Comics | Action | Release Date: | 23/12/2024 | 12/23/2024 | Compass has started a collaboration with the TV anime “HUNTER x HUNTER”. New collaboration heroes, “Gon” and “Killua” will join the battle, and collaboration costumes based on HUNTER x HUNTER characters will appear. | Content Integration | Mobile | Read more",True,hunter x hunter
10,N/A,"That Time I Got Reincarnated as a Slime ISEKAI Chronicles x Frieren: Beyond Journey's End | December 20, 2024 | Anime & Comics | RPG | Release Date: | 20/12/2024 | 12/20/2024 | Bandai Namco Entertainment has announced a collaboration between the That Time I Got Reincarnated as a Slime: ISEKAI MEMORIES game and Frieren: Beyond Journey’s End. The event is titled “Octagram and the Millennium Mage Part 1” and includes the characters and voice actors from the Frieren: Beyond Journey’s End franchise. A new story supervised by Fuse, author of the original light novels! A mysterious girl named Shinsha appears, claiming to be Rimuru’s daughter. Relive famous moments from Season 1 of the anime in fully voiced cut scenes! The star-studded vocal cast lend their talents to battle voices and interactions in town as well! Use the nation-building system to create your ideal version of Tempest! Build and position all sorts of buildings and facilities: your citizens’ homes, restaurants, the blacksmith shop, the laboratory, magic-enhancing facilities, and more. | Content Integration | Mobile | PC | Console | Read more",True,that time i got reincarnated as a slim
10,N/A,"Muse Dash x Blue Archive | December 20, 2024 | Video Games | Other | Release Date: | 27/12/2024 | 12/27/2024 | The ""MD-level Tactical Training Blu-ray"" is a special Muse Dash × Blue Archive Collab Music Pack! Dive into 4 incredible stages that blend themes of youth, friendship, adventure, legend, luck, imagination, and a touching finale. | Content Integration | Mobile | PC | Console | Read more",True,touch
10,N/A,"Seven Knights Idle Adventure x Overlord | December 11, 2024 | Anime & Comics | RPG | Release Date: | 12/12/2024 | 12/12/2024 | The Seven Knights Idle Adventure x Overlord crossover event is now live Three new collaboration characters added Several events, a Challenger Pass, and a Special check-in are all available | Content Integration | Mobile | Read more",True,overlord
11,N/A,"BanG Dream! Girls Band Party! x Chainsaw Man | December 8, 2024 | Anime & Comics | Adventure | Release Date: | 15/12/2024 | 12/15/2024 | BanG Dream! Girls Band Party! has announced a crossover with the anime series Chainsaw Man. Fans of both franchises can look forward to exclusive in-game events, characters, and rewards. This highly anticipated collaboration introduces limited members, Chainsaw Man-themed cover songs, and special missions. | Content Integration | Mobile | Console | ReadÂ more",True,chainsaw man
11,N/A,"Super Monkey Ball Banana Rumble x Hatsune Miku | November 28, 2024 | Anime & Comics | Party | Release Date: | 26/11/2024 | 11/26/2024 | Hatsune Miku is now available as a DLC character in Super Monkey Ball Banana Rumble. As Hatsune Miku, players will collect musical notes instead of bananas. | Content Integration | Console | ReadÂ more",True,nana
11,N/A,"Super Monkey Ball Banana Rumble x Godzilla | November 28, 2024 | Film & Television | Party | Release Date: | 26/11/2024 | 11/26/2024 | Godzilla is now available as a DLC character in Super Monkey Ball Banana Rumble. As part of this collab, Godzilla will pick up trains instead of bananas. | Content Integration | Console | ReadÂ more",True,nana
12,N/A,"Mahjong Soul x THE IDOLM@STER SHINY COLORS | November 25, 2024 | Video Games | Strategy | Release Date: | 25/11/2024 | 11/25/2024 | The collaboration event between Mahjong Soul and THE IDOLM@STER SHINY COLORS has officially commenced! Mahjong Soul players can not only experience the new event, new gameplay and obtain generous rewards, but also have the opportunity to draw four cute collaboration characters and acquire 4 limited-time collaboration outfits and 5 brand-new collaboration decorations! | Content Integration | Mobile | PC | Read more",True,idol
12,N/A,"Path to Nowhere x JoJo's Bizarre Adventure: Stone Ocean | November 23, 2024 | Anime & Comics | RPG | Release Date: | 30/4/2024 | 4/30/2024 | Aisno Games announced that their Path to Nowhere mobile game will be collaborating with the JoJo’s Bizarre Adventure: Stone Ocean anime again in China. Their first collaboration added Jolyne Cujoh, Foo Fighters, and Weather Report as playable characters. The event ran from April 30, 2024 to May 16, 2024 in the Chinese version. Unfortunately, Aisno Games made no announcement for including it in the global version of the game. They skipped the event in Japan and English-speaking countries. Aisno will reveal the date of the upcoming event in the future. The event adds Part 6 Jotaro Kujo as a playable Sinner (Convict in the Chinese version). The stream teased that the event will bring the characters into the climactic final battle. This is likely referring to the battle against Made in Heaven. In addition to new playable characters, two existing Sinners/Convicts will also receive brand-new collaboration outfits in this event. Plus, there will be a special adventure storyline that includes full voice acting. | Content Integration | Mobile | Read more",True,jojo
12,N/A,"Azur Lane x To Love Ru Darkness | November 17, 2024 | Anime & Comics | Shooting | Release Date: | 21/11/2024 | 11/21/2024 | Azur Lane is collaborating with the manga and anime series To Love Ru Darkness. Fans can anticipate the inclusion of several fan-favorite characters from To Love Ru, notably Lala Satalin Deviluke, Nana Astar Deviluke, Momo Belia Deviluke, Golden Darkness, Haruna Sairenji, and Yui Kotegawa. | Content Integration | Mobile | Read more",True,nana
13,N/A,"Granblue Fantasy x That Time I Got Reincarnated as a Slime | November 12, 2024 | Anime & Comics | RPG | Release Date: | 15/11/2024 | 11/15/2024 | Cygames has officially announced a new collaboration event between its popular Granblue Fantasy game and the renowned That Time I Got Reincarnated as a Slime (TenSura) series. This event, titled âThat Time I Got Reincarnated as a Slime: SÅkÅ« no Kagi-henâ (translated as âThe Blue Sky Chapterâ). The player community will be able to enjoy exclusive content, special rewards and challenges that will be available only during this period. Confirmed characters include Rimuru Tempest, Veldora Tempest, Shion, Milim Nava, Ramiris, and Diablo. These characters will feature special abilities and characteristics in the game, allowing players to experience their personalities and powers in a new context. | Content Integration | Mobile | PC | ReadÂ more",True,that time i got reincarnated as a slim
13,N/A,"Free Fire x Blue Lock | November 11, 2024 | Anime & Comics | Battle Royale | Release Date: | 20/11/2024 | 11/20/2024 | Players can check out an assortment of in-game goodies, such as iconic jerseys of fan-favorite characters, Isagi Yoichi and Nagi Seishiro. Players can also experience the intensity and energy of Blue Lock by activating Isagi's Spatial Awareness, and Nagi's Trapping emotes on the battlefield. At the same time, players who log in and complete missions during the event period will be rewarded with rare Blue Lock-themed items, including weapon and vehicle skins, avatars, and a special banner! Fans and players can soon don costumes from the anime, including Isagi's Team Z and Nagi's Team V bundles or a basic football uniform. | Content Integration | Mobile | ReadÂ more",True,blue lock
13,N/A,"Dungeon Fighter Online x SNK | November 8, 2024 | Video Games | RPG | Release Date: | 5/11/2024 | 11/5/2024 | Embark on an epic SNK x DFO event with thrilling new story-driven dungeons featuring iconic SNK characters. Transform into monsters or SNK fighters in real-time PvP battles and compete in Monster Fighters Mode. Collect Arcade Buttons for unique SNK-themed cosmetics and rank globally for exclusive rewards. Customize DFO characters with the DFO X SNK Package to embody classic KOF and Samurai Shodown heroes. | Content Integration | PC | ReadÂ more",True,monster
13,N/A,"PUBG Mobile x Hunter x Hunter | November 7, 2024 | Anime & Comics | Battle Royale | Release Date: | 7/11/2024 | 11/7/2024 | PUBG Mobile meets Hunter x Hunter in an exciting new collab, available until December 7. Unlock character sets inspired by Gon, Killua, Kurapika, and Leorio for a unique in-game style. Customize weapons with Hisoka-inspired skins, adding a magical touch to your arsenal. Transform profiles with exclusive avatars and frames through a free lucky draw feature. | Content Integration | Mobile | ReadÂ more",True,hunter x hunter
13,N/A,"DEATH NOTE Killer Within | November 5, 2024 | Anime & Comics | Strategy | Release Date: | 5/11/2024 | 11/5/2024 | DEATH NOTE Killer Within is an online social deduction game for up to 10 players. Players will be split into two teams with different objectives. To win the game, players will need to figure out each otherâs identities and either eliminate L who threatens Kira's power or seize the Death Note. | Licensed Game | PC | Console | ReadÂ more",True,death note
13,N/A,"Fall Guys x Monsters Inc | November 5, 2024 | Film & Television | Party | Release Date: | 7/11/2024 | 11/7/2024 | Fall Guys has announced the the release of three new costumes inspired by Monsters Inc, featuring Mike Wazowski, Sully and Boo. Players will require an in-game purchase to acquire these skins. | Content Integration | Mobile | PC | Console | ReadÂ more",True,monster
13,N/A,"Monster High: Skulltimate Secrets | October 31, 2024 | Toys & Board Games | Adventure | Release Date: | 29/10/2024 | 10/29/2024 | In âMonster High: Skulltimate Secrets,â players team up with Draculaura, Frankie Stein and Clawdeen Wolf to help rid their school of haunted happenings. By collecting monster keys around the campus, players can unlock the ancient door that will restore peace to the school. Fans will recognize locations from the âMonster Highâ series and be able to customize their own character with an array of hairdos, outfits and accessories. | Licensed Game | PC | Console | ReadÂ more",True,monster
14,N/A,"Lord of Nazarick x Overlord | October 29, 2024 | Anime & Comics | RPG | Release Date: | 29/10/2024 | 10/29/2024 | Official mobile game for OVERLORD, the hit isekai series streaming on Crunchyroll. Conquer, Command, and Control the World of OVERLORD! Step into the shoes of Ainz Ooal Gown, the Supreme Overlord of the Great Tomb of Nazarick, in this epic strategy RPG! Dive into an immersive fantasy world where magic and might clash, and only the strongest can claim victory. Based on the popular anime, “OVERLORD,” this game lets you experience the thrill of commanding your own army of powerful guardians, villains, and other beloved characters. | Licensed Game | Mobile | Read more",True,overlord
14,N/A,"Magic: The Gathering Arena x Final Fantasy | October 29, 2024 | Video Games | Strategy | Release Date: | 13/6/2025 | 6/13/2025 | Magic: The Gathering unveils a Final Fantasy set, releasing June 13, 2025. Set draws from FF1-16, excluding sequels and offshoots like Advent Children. Features iconic characters, monsters, and artwork from Magic and Final Fantasy artists. | Content Integration | Mobile | PC | Read more",True,monster
14,N/A,"Car Dealership Tycoon x Monster Jam | October 28, 2024 | Sport & Athletes | Racing | Release Date: | 28/10/2024 | 10/28/2024 | This year, the Monster Jam takeover will allow players to: Build a new Monster Jam dealership that will be themed after JCB DIGatron, the Monster Jam World Finals Racing champion. Players will also be able to compete in a new freestyle mode within a new Monster Jam stadium, race with 18 official Monster Jam trucks, including the official Monster Jam mini trucks and the JCB DIGatron truck for the first time. They will also be able to unlock Monster Jam-themed UGC items, including backpacks, racetrack hats and more | Content Integration | Mobile | PC | Console | Read more",True,monster
14,N/A,"Cookie Run: Kingdom x Crocs | October 25, 2024 | Consumer Brands | RPG | Release Date: | 9/10/2024 | 10/9/2024 | Croctober! The month when Crocs-lovers celebrate their love for Crocs. The Cookie Kingdom is preparing a Croctober party for Cookies who love Crocs! Event rewards include Crocs Collab Icings, Pizza Jibbitz Hat and Cheese Clog Crocs. There will also be a new competition as part of the Croctober collab It'll see players showing off their Croc-decorated kingdom to win fabulous prizes | Content Integration | Mobile | PC | Read more",True,kingdom
14,N/A,"Honor of Kings x Jujutsu Kaisen | October 24, 2024 | Anime & Comics | Fighting | Halloween | Release Date: | 1/11/2024 | 11/1/2024 | Players will soon have the chance to summon their inner sorcerer and fight alongside iconic anime characters in the mystical Hero’s Gorge. Biron was announced on Honor of King’s social media channels. He is the chosen hero to receive a skin inspired by Yuji Itadori, the protagonist who carries the fearsome curse of Ryomen Sukuna. Following this, it was announced that Kongming will embody the enigmatic persona of Gojo Satoru, a powerful sorcerer with boundless cursed energy and unmatched abilities. | Content Integration | Mobile | PC | Read more",True,jujutsu kaisen
14,N/A,"So I'm a Spider, So What? Ruler of the Labyrinth | October 21, 2024 | Anime & Comics | RPG | Release Date: | 23/10/2024 | 10/23/2024 | This dungeon conquest RPG, based on the 2021 anime ""So I'm a Spider, So What?"". Develop ""me,"" reincarnated as a spider monster, gather allies, and survive in a labyrinth filled with powerful monsters. The survival journey to become the ruler of the labyrinth begins now! | Licensed Game | PC | Read more",True,monster
14,N/A,"Hot Wheels Monster Trucks: Stunt Mayhem | October 21, 2024 | Toys & Board Games | Racing | Release Date: | 18/10/2024 | 10/18/2024 | Hot Wheels™ Monster Trucks are ready to catch some wild air and perform insane stunts while smashing and bashing through fantastical arenas in a new game that brings your favorite monster trucks to your fingertips! | Licensed Game | PC | Console | Read more",True,monster
15,N/A,"The Ants: Underground Kingdom x Lucas the Spider | October 17, 2024 | Film & Television | Strategy | Release Date: | 15/10/2024 | 10/15/2024 | Join Lucas the Spider as he explores the depths of your ant colony. Find collab characters and hidden secrets as you carve out new pathways in the soil. | Content Integration | Mobile | Read more",True,kingdom
15,N/A,"Nick Jr. Party Adventure | October 14, 2024 | Film & Television | Puzzle | Release Date: | 11/10/2024 | 10/11/2024 | Outright Games has launched “Nick Jr. Party Adventure.” The interactive puzzle-solving game features Nick Jr. characters Dora, Blue, Molly, Blaze and Santiago. Together, the characters head on a quest to gather party supplies and prepare for the Friendship Fiesta. Players can customize their characters’ outfits and accessories as they journey through worlds such as Dora’s Rainforest, the Monster Dome and Isla Encanto. They will solve puzzles and unlock collectibles, including Boot’s iconic red boots, Santiago’s swashbuckling pirate hat, a paw print necklace and more themed accessories. In solo mode or up to two-player local co-op, players can explore 72 levels across six themed worlds packed with interactive elements. Mischievous adversaries, like Swiper, Crusher and Bonnie Bones, add dynamic obstacles such as bounceable springys, interactive blocks, sliding waterfalls, road blockers and whirlpools. | Licensed Game | PC | Console | Read more",True,monster
15,N/A,"Dragon Ball: Sparking! ZERO | October 7, 2024 | Anime & Comics | Fighting | Release Date: | 11/10/2024 | 10/11/2024 | Taking the legendary gameplay of the Budokai Tenkaichi series and raising it to whole new levels Unleash the fighting spirit within you and take the fight to arenas that crumble and react to your power as the battle rages on. Shake the earth. Break the heavens. Make yours the destructive power of the strongest fighters ever to appear in DRAGON BALL! | Licensed Game | PC | Console | Read more",True,dragon ball
16,N/A,"PUBG Mobile x Volkswagen | October 3, 2024 | Cars & Automotive | Battle Royale | Release Date: | 3/10/2024 | 10/3/2024 | PUBG MOBILE has announced a collaboration with Volkswagen, bringing two of its Beetle models to the “Battlegrounds” game. Available until Nov. 10, players can choose between two Volkswagen models, the VW Käfer 1200L and the VW New Beetle Convertible, each featuring its own unique design. The classic VW Käfer 1200L is offered in vibrant yellow or a playful creature’s design, while the contemporary VW New Beetle Convertible comes in striking pink or an adventurous monster theme. PUBG “Battlegrounds” players can explore their favorite gameplay experiences using these new in-game vehicles, immersing themselves in the distinctive character of Volkswagen. Throughout the licensing collaboration, special in-game events offer players the chance to obtain four exclusive vehicle attachments that players can use to customize their Beetles, including the playful balloon attachment and toy attachment for the VW Käfer 1200L (Creatures) and the edgy horns attachment and wind-up attachment for the VW New Beetle Convertible (Monster). | Content Integration | Mobile | Read more",True,monster
16,N/A,"The Sandbox x Attack on Titan | September 30, 2024 | Anime & Comics | Action | Release Date: | 26/9/2024 | 9/26/2024 | The Sandbox has launched its first AdventureWorld LAND sale in the Defender District. This new digital amusement park within The Sandbox consists of three realms, with the Defender District being the inaugural area, designed to immerse players in the popular franchise Attack on Titan. The Defender District features a total of 234 LAND plots, which includes 213 Standard plots and 14 Premium plots, in addition to seven plots reserved for auction. Buyers of the Premium LANDs will receive exclusive Attack on Titan Creator Asset packs. These packs include Titan models and architectural designs from the Trost District, as well as limited-edition merchandise such as t-shirts inspired by the beloved manga series. LAND owners within the Defender District will also gain access to additional digital assets, including a unique t-shirt emblazoned with the neighborhood logo. | Content Integration | Mobile | PC | Read more",True,attack on titan
16,N/A,"Bleach: Brave Souls x Thousand-Year Blood War - The Conflict | September 29, 2024 | Anime & Comics | Fighting | Release Date: | 30/9/2024 | 9/30/2024 | Bleach: Brave Souls is having a collaboration event with the Bleach: Thousand-Year Blood War - The Conflict. The arrival of this event will bring the Thousand-Year Blood War Zenith Summons: Refinement to Bleach: Brave Souls. You will be able to get your hands on the 2024 versions of fan-favourites like Byakuya Kuchiki, Rukia Kuchiki, and Renji Abarai. | Content Integration | Mobile | PC | Console | Read more",True,bleach
16,N/A,"Overwatch 2 x My Hero Academia | September 26, 2024 | Anime & Comics | Shooting | Release Date: | 17/10/2024 | 10/17/2024 | Step into the roles of your favorite anime heroes or villains with exclusive legendary skins that bring the action of My Hero Academia to life in the Overwatch universe. This limited-time collaboration boasts the best of both worlds - on the hero team there’s Tracer as the determined Deku, Juno as the joyful Uravity, and Reinhardt as the symbol of peace, All Might. These heroes prepare to face off against Kiriko as the cunning Himiko Toga, chasing down that which she loves, and Reaper as the leader of the League of Villains, Tomura Shigaraki. Each skin is designed to capture the essence of these beloved characters, giving you the chance to dominate the battlefield with their unique style and flair. | Content Integration | PC | Console | Read more",True,my hero academia
16,N/A,"Airplane Chefs x Pringles | September 23, 2024 | Consumer Brands | Simulation | Release Date: | 23/9/2024 | 9/23/2024 | Imagine entering your flight and finding that your favourite snack is already available onboard. That’s right, Nordcurrent has just announced that the iconic brand Pringles is coming to Airplane Chefs, bringing passengers their beloved crisps while they’re soaring high up in the skies. You’re quickly going to become everyone’s favourite flight attendant with those Pringles in your hand. Unlike other branded integrations that offer in-game challenges or rewards, Pringles won’t come with specific tasks. Instead, you’ll spot the famous cans in the kitchen and passenger snack orders, adding a realistic touch to the chaos of serving virtual passengers. | Content Integration | Mobile | Read more",True,touch
16,N/A,"Puzzle & Dragons x Code Geass | September 23, 2024 | Anime & Comics | Puzzle | Release Date: | 23/9/2024 | 9/23/2024 | GungHo Online Entertainment has announced an exciting new collaboration event within Puzzle & Dragons, letting you welcome the popular anime series Code Geass to the fray. In particular, the match-3 RPG will add Warlock and Witch, Lelouch & C.C., Order of the Black Knights, Zero, Nunnally vi Britannia and more in the summons pool. In the latest update to Puzzle & Dragons, you can pull from the 7 Magic Stones! Code Geass Egg Machine for the aforementioned characters, then put your roster to the test in the Code Geass-themed dungeons (there are seven types in total). Code Geass: Lelouch of the Rebellion-Novice and Code Geass: Lelouch of the Rebellion-Expert, in particular, will reward you with Code Geass Collab Medals, ten of which you can exchange for Shirley Fenette. | Content Integration | Mobile | Read more",True,code geass
17,N/A,"Super Monkey Ball Banana Rumble x Dole | September 18, 2024 | Consumer Brands | Action | Release Date: | 18/9/2024 | 9/18/2024 | In this collaboration between Super Monkey Ball Banana Rumble and Dole, players can pick up Dole bananas and roll across special stage variations. Apparently there are also limited-edition style items to track down as well. Specifically, the new items include a Dole T-Shirt and a Cap, both of which are available by participating in Online Battles. | Content Integration | Console | Read more",True,nana
17,N/A,"Rent-A-Girlfriend: The Horizon and the Girl in the Swimsuit | September 13, 2024 | Anime & Comics | Adventure | Release Date: | 28/11/2024 | 11/28/2024 | Become Kazuya Kinoshita, a worthless college student at a Tokyo university, and live the part-time job lifestyle on Enoshima with charming heroines Chizuru Mizuhara, Ruka Sarashina, Sumi Sakurasawa, and Mini Yaemori in this game-original story. Additionally, by viewing all endings, you will be able to witness Mami Nanami’s story. | Licensed Game | Console | Read more",True,nana
18,N/A,"Goddess of Victory: Nikke x Evangelion | August 26, 2024 | Anime & Comics | Shooting | Release Date: | 22/8/2024 | 8/22/2024 | The collaboration between Goddess of Victory: NIKKE and Neon Genesis Evangelion is an exciting crossover event that merges NIKKE and the iconic anime Evangelion. In this event, characters from Evangelion, including Asuka, Mari, Rei, and Misato are introduced to the NIKKE universe | Content Integration | Mobile | PC | Read more",True,evangelion
19,N/A,"Fairy Tail: Dungeons | August 26, 2024 | Anime & Comics | RPG | Release Date: | 26/8/2024 | 8/26/2024 | Fairy Tail: Dungeons is a deck-building rogue-lite featuring characters from the Fairy Tail series. Collect Magic Cards based on moves from the series to build your own unique deck and take down powerful monsters as you head for the dungeon depths! | Licensed Game | PC | ReadÂ more",True,monster
19,N/A,"Gundam Breaker 4 x PAC-MAN | August 7, 2024 | Video Games | Action | Release Date: | 29/8/2024 | 8/29/2024 | Gundam Breaker 4 will have a collaboration with PAC-MAN available when it releases on 29th August. A level inspired by the iconic mazes of PAC-MAN will be available, where players will have the task to defeat a giant PAC-MAN themed Gundam RX-78-2. By playing this mission players will be able to get the PAC-MAN-themed emblem and use it on their Gunpla. | Content Integration | PC | Console | ReadÂ more",True,gundam
19,N/A,"Grand Summoners x KILL la KILL | August 6, 2024 | Anime & Comics | RPG | Release Date: | 9/8/2024 | 8/9/2024 | The KILL la KILL Crossover returns. Summon KILL la KILL characters and see their fantastic pixel animation in-game! - New unit: Ira Gamagoori, Nonon Jakuzure, Uzu Sanageyama, & Houka Inumuta! - New Equips! - New Stickers! | Content Integration | Mobile | ReadÂ more",True,kill la kill
19,N/A,"Fortnite x Fall Guys | August 6, 2024 | Video Games | Battle Royale | Release Date: | 6/8/2024 | 8/6/2024 | In the Fortnite x Fall Guys collab, players in the standard Battle Royale mode will now encounter Bean Idols in Classy Courts which teleport them to a challenging obstacle course in the sky and turn them into a Fall Guys Bean. Completing a course will reward players with loot to take back to the regular game of Fortnite, with quicker times netting better rewards. | Content Integration | Mobile | PC | Console | ReadÂ more",True,idol
19,N/A,"Taiko No Tatsujin: Rhythm Festival x One Piece | August 1, 2024 | Anime & Comics | Other | Release Date: | 1/8/2024 | 8/1/2024 | In this collaboration players can enjoy playing the opening theme song, """"UUUUUS!"""", in Taiko no Tatsujin: Rhythm Festival. Enjoy lively performances as Luffy and the crew don Taiko no Tatsujin designed costumes. Additionally, players can set the Straw Hat Crew as mini-characters in their Don-chan avatars! Don-chan costumes inspired by the Straw Hat Crew will also be available. | Content Integration | Console | ReadÂ more",True,one piece
20,N/A,"Star Trek: Lower Decks x Doctor Who: Lost in Time | July 28, 2024 | Video Games | Adventure | Release Date: | 1/8/2024 | 8/1/2024 | This epic crossover will be brought to life in a limited-time event in both the Doctor Who: Lost in Time and the Star Trek: Lower Decks .Fans will be treated to the same thrilling story, experienced from two unique perspectives. Players will experience the story of a mysterious space-time ripple that throws the Doctor onboard Star Trek: Lower Deckâs U.S.S. Cerritos, while Lieutenant Brad Boimler and Ensign Beckett Mariner find themselves thrust into the enigmatic Doctor Who universe. With the ripple disrupting the very fabric of reality, the Doctor must join forces with the resourceful crew of the Cerritos, while Boimler and Mariner team up with the legendary River Song. Together, they race against time to repair the ripple and set things right. | Content Integration | Mobile | ReadÂ more",True,beck
20,N/A,"Stumble Guys x My Hero Academia | July 27, 2024 | Anime & Comics | Action | Release Date: | 23/7/2024 | 7/23/2024 | Stumble Guys teams up with My Hero Academia, adding popular characters like Deku and Bakugo. Players will battle a giant robot invasion in the new 'Hero Exam' course using unique Quirks. Discover new cosmetics including Stumblers, emotes, footsteps, and victory dances. Limited-time events, themed Stumblepass, and daily missions with player rewards fully available. | Content Integration | Mobile | PC | ReadÂ more",True,my hero academia
20,N/A,"Summoners War x Jujutsu Kaisen | July 26, 2024 | Anime & Comics | RPG | Release Date: | 30/7/2024 | 7/30/2024 | In this collaboration between Summoners War and Jujutsu Kaisen, players welcome Yuji Itadori, Megumi Fushiguro, Nobara Kugisaki, Satoru Gojo, and Ryomen Sukuna. They can also try their hand at the collab dungeon, and there is a new Jujutsu High School HQ. | Content Integration | Mobile | PC | ReadÂ more",True,jujutsu kaisen
20,N/A,"Monster Hunter Now x MrBeast | July 25, 2024 | Celebrity/Influencer | RPG | Release Date: | 27/7/2024 | 7/27/2024 | Monster Hunter Now is teaming up with MrBeast. Ever wondered if you could take on a MrBeast challenge? Well, this is your chance to dive into a limited-time Monster Hunter Now quest from MrBeast himself. This challenge will push your hunting skills to the limit with exciting obstacles and, of course, bring you exclusive, one-of-a-kind rewards. During this challenge, you will need to follow MrBeastâs instructions to get the chance to forge a special MrBeast Sword & Shield and once you complete the quest, you stand to earn a ton of in-game rewards including the MrBeast Layered Armor, a new Guild card background, MrBeast face paint, and most importantly the MrBeast Hunter Medal. | Content Integration | Mobile | ReadÂ more",True,monster
20,N/A,"Puzzle & Dragons x That Time I Got Reincarnated as a Slime | July 25, 2024 | Anime & Comics | Puzzle | Release Date: | 25/7/2024 | 7/25/2024 | That Time I Got Reincarnated as a Slime made its collab debut on Puzzle and Dragons! Explore magical collab-themed Special Dungeons with new powerful characters, such as Rimuru & Veldora and Milim Nava. | Content Integration | Mobile | ReadÂ more",True,that time i got reincarnated as a slim
20,N/A,"Asphalt 9: Legends x My Hero Academia | July 25, 2024 | Anime & Comics | Racing | Release Date: | 25/7/2024 | 7/25/2024 | Gameloft has teamed up with Crunchy Roll to incorporate the popular anime My Hero Academia into its racing game, Asphalt 9: Legends, on Nintendo Switch and mobile devices. The limited-time event features a custom UI, voice lines, and 19 stages from the anime alongside various cosmetic items based on characters from the anime. | Content Integration | Mobile | PC | Console | ReadÂ more",True,my hero academia
